Track ID,Track Name,Album Name,Artist Name(s),Release Date,Duration (ms),Popularity,Added By,Added At,Genres,Record Label,Danceability,Energy,Key,Loudness,Mode,Speechiness,Acousticness,Instrumentalness,Liveness,Valence,Tempo,Time Signature
3ghYly2jUXbPlOJ7omJtP8,"Operation Pyrite","危機合約 黃鐵·利刃·燃灰 (Original Soundtrack)","塞壬唱片-MSR,Jason Walsh,Alan Day",2021-03-26,262856,46,21m3oeq6zgp3dips6s4flobea,2023-08-02T00:32:12Z,"","Shanghai Hypergryph Network Technology Co., Ltd.",0.34,0.555,2,-7.926,0,0.0953,0.000651,0.0144,0.0832,0.227,197.88,3
2a5G7AJl05JI6BfqTPWCRw,"Operation Blade","危機合約 黃鐵·利刃·燃灰 (Original Soundtrack)","塞壬唱片-MSR,陳雪燃,Obadiah Brown-Beach",2021-03-26,238320,43,21m3oeq6zgp3dips6s4flobea,2023-08-02T00:32:16Z,"汉语流行音乐,华语流行音乐,古风音乐","Shanghai Hypergryph Network Technology Co., Ltd.",0.735,0.734,2,-6.022,0,0.0318,0.000294,0.000278,0.226,0.584,124.995,4
54aHpKWrT3xC5Xit3O602T,"Operation Cinder","危機合約 黃鐵·利刃·燃灰 (Original Soundtrack)","塞壬唱片-MSR,Matthew Carl Earl,Uyanga Bold",2021-03-26,253750,27,21m3oeq6zgp3dips6s4flobea,2023-08-02T00:42:59Z,"","Shanghai Hypergryph Network Technology Co., Ltd.",0.263,0.198,3,-18.609,0,0.0306,0.887,0.297,0.09,0.0541,95.775,4
7juGM9gqBfBc2tm6qk7aKk,"Operation Pine Soot","Operation Pine Soot","塞壬唱片-MSR,Life Awaits",2021-11-23,263013,36,21m3oeq6zgp3dips6s4flobea,2023-08-02T00:33:24Z,"旋律硬核,djent,中国独立音乐,后硬核,金属核,中国摇滚","Shanghai Hypergryph Network Technology Co., Ltd.",0.426,0.932,5,-3.37,0,0.0559,0.0000404,0,0.212,0.317,145.97,4
04ooopavUnRDhtmvg7ljep,"Operation Lead Seal","危機合約 鉛封·光譜·蠻鱗OST","David Westbom,X. ARI",2021-11-09,220000,37,21m3oeq6zgp3dips6s4flobea,2023-08-02T00:32:45Z,"","Shanghai Hypergryph Network Technology Co., Ltd.",0.806,0.533,9,-7.62,0,0.0439,0.0857,0.0000028,0.0473,0.484,108.015,4
1XxSzUJAOY7R6DPOqMA91m,"Operation Spectrum","危機合約 鉛封·光譜·蠻鱗OST","Steven Grove",2021-11-09,267251,31,21m3oeq6zgp3dips6s4flobea,2023-08-02T00:35:39Z,"","Shanghai Hypergryph Network Technology Co., Ltd.",0.561,0.953,11,-6.952,0,0.0408,0.000114,0.757,0.229,0.52,132.068,4
667UjogEHDNr7XQOklGFwv,"Operation Wild Scales","危機合約 鉛封·光譜·蠻鱗OST","David Westbom,Kayraa",2021-11-09,244285,36,21m3oeq6zgp3dips6s4flobea,2023-08-02T00:33:23Z,"","Shanghai Hypergryph Network Technology Co., Ltd.",0.816,0.725,5,-7.074,0,0.0469,0.0186,0,0.14,0.741,112.057,4
4iN2XPaSCFvLOtSbSjfg5x,"Operation Dawnseeker","危機合約尋晝行動 (遊戲原聲帶)","塞壬唱片-MSR,Terry Zhong",2022-02-25,260398,39,21m3oeq6zgp3dips6s4flobea,2023-08-02T00:32:23Z,"菲律宾流行音乐","上海鷹角網絡科技有限公司",0.544,0.671,8,-10.521,1,0.0752,0.00599,0,0.654,0.156,100.008,4
3AFI43GeDu6Gg7ogVjckUD,"Operation Deepness","危機合約淵默行動OST","星團音樂,Vas Angelov,Bailey Jehl",2022-05-20,226400,42,21m3oeq6zgp3dips6s4flobea,2023-08-02T00:32:37Z,"","Shanghai Hypergryph Network Technology Co., Ltd.",0.51,0.83,2,-5.014,0,0.0807,0.000983,0.00000244,0.178,0.327,149.899,4
4vsqx7P5ZIP5c2NKXI8EZk,"Operation Ashring","危機合約塵環行動OST","塞壬唱片-MSR,Erik Castro,X. ARI",2022-08-26,204800,41,21m3oeq6zgp3dips6s4flobea,2023-08-02T00:32:19Z,"","Shanghai Hypergryph Network Technology Co., Ltd.",0.593,0.799,1,-7.472,0,0.329,0.186,0.00000279,0.0795,0.519,149.878,4
58Yt2BRzDenvrYUOEEVaxS,"Operation Fake Waves","危機合約贗波行動OST","塞壬唱片-MSR,Erik Castro,David Lin,Skylar Funk",2022-11-16,216000,34,21m3oeq6zgp3dips6s4flobea,2023-08-02T00:32:21Z,"","Shanghai Hypergryph Network Technology Co., Ltd.",0.616,0.802,1,-6.234,1,0.0906,0.0634,0,0.295,0.515,160,4
4aofgPyjcihuxrLtz4azBT,"Operation Basepoint","危機合約起源行動OST","塞壬唱片-MSR,Life Awaits",2023-03-22,265416,39,21m3oeq6zgp3dips6s4flobea,2023-08-02T00:32:55Z,"旋律硬核,djent,中国独立音乐,后硬核,金属核,中国摇滚","Shanghai Hypergryph Network Technology Co., Ltd.",0.466,0.944,4,-4.293,0,0.15,0.000658,0.00000207,0.343,0.158,144.051,4
7BAovtuc7CG3IQB8BvQHm9,"Across the Wind","Across the Wind","塞壬唱片-MSR,Erik Castro,Gracie Van Brunt",2021-08-03,254069,33,21m3oeq6zgp3dips6s4flobea,2023-08-02T00:35:48Z,"鼓打贝斯","Shanghai Hypergryph Network Technology Co., Ltd.",0.746,0.595,7,-8.126,1,0.0622,0.0354,0,0.0953,0.387,115.934,4
1lw1M2uL8v7B64oCspubTM,"A Cold Call","A Cold Call","塞壬唱片-MSR,Erik Castro,David Lin,Airton Santos Araujo",2022-12-30,190545,32,21m3oeq6zgp3dips6s4flobea,2023-08-02T00:32:49Z,"","Shanghai Hypergryph Network Technology Co., Ltd.",0.517,0.936,6,-4.366,0,0.0467,0.000152,0.536,0.183,0.583,164.955,4
0Iovq8CiFG7xjhVh74Yt8d,"A Day in Lungmen","鯉氏偵探事務所OST","塞壬唱片-MSR,顧忠山,Damien Banzigou,楊含奇",2023-02-03,245454,22,21m3oeq6zgp3dips6s4flobea,2023-08-02T00:34:19Z,"","Shanghai Hypergryph Network Technology Co., Ltd.",0.591,0.511,7,-10.079,1,0.0388,0.639,0.000675,0.37,0.462,87.946,4
6zZsnmdY3Tnq7bsJbqJbuG,"After It All - From Arknights Original Video Game Soundtrack","After It All (From Arknights Original Video Game Soundtrack)","Yellow Claw",2020-04-29,184650,30,21m3oeq6zgp3dips6s4flobea,2023-08-02T00:54:45Z,"电音,电音陷阱音乐","Barong Family",0.563,0.739,9,-4.781,0,0.0395,0.0199,0.000314,0.163,0.0705,150.018,4
5WuIFKlwUrguk8xWUfSQA3,"Aflame Avenue","火藍之心 (遊戲《明日方舟》原聲帶)","Alive Until Sunset",2019-10-18,127200,21,21m3oeq6zgp3dips6s4flobea,2023-08-02T00:55:31Z,"","Shanghai Hypergryph Network Technology Co., Ltd.",0.502,0.96,1,-4.766,1,0.0653,0.0555,0.856,0.223,0.76,99.986,4
6U7kWK1cfUQ2IoIaiG72Ix,"Ain't Seen Nothing Like This (Arknights Soundtrack)","Ain't Seen Nothing Like This (Arknights Soundtrack)","Rad Cat",2022-01-17,147540,37,21m3oeq6zgp3dips6s4flobea,2023-08-02T00:32:52Z,"","TrueStep Records",0.726,0.657,0,-9.306,1,0.306,0.0247,0,0.0773,0.766,122.137,4
30ajyiITQenb2TP5lgzJ4g,"ALIVE","ALIVE","塞壬唱片-MSR,Obadiah Brown-Beach,Cristina Vee",2020-08-28,252646,33,21m3oeq6zgp3dips6s4flobea,2023-08-02T00:34:41Z,"","Shanghai Hypergryph Network Technology Co., Ltd.",0.51,0.951,9,-6.893,0,0.0652,0.00044,0.0627,0.0886,0.26,125.02,4
3XCYp2ictbG7PtvMc6XPsj,"Alive (Monster Siren Records)","Alive (Monster Siren Records)","ReoNa",2022-11-19,258517,18,21m3oeq6zgp3dips6s4flobea,2023-08-02T00:43:50Z,"动漫,日本流行,日本摇滚","Sony Music Labels Inc.",0.373,0.784,0,-5.458,1,0.0453,0.00156,0.0000039,0.144,0.29,75.021,4
0yCulndu5WWQeGPFVV08ug,"All hail Savior!","All hail Savior!","塞壬唱片-MSR,Obadiah Brown-Beach,Adrienne Cowan",2022-08-11,225923,34,21m3oeq6zgp3dips6s4flobea,2023-08-02T00:34:44Z,"","Shanghai Hypergryph Network Technology Co., Ltd.",0.324,0.931,10,-6.269,0,0.174,0.00000799,0.00286,0.136,0.241,195.037,4
6MoU9VfBLwEw5NC9vzLWVb,"A Long Vacation","A Long Vacation","塞壬唱片-MSR,Adam Gubman,Caity Gyorgy",2022-07-09,253828,25,21m3oeq6zgp3dips6s4flobea,2023-08-02T00:44:23Z,"人声爵士乐,爵士","Shanghai Hypergryph Network Technology Co., Ltd.",0.394,0.648,5,-8.291,1,0.0538,0.141,0.00000903,0.108,0.343,106.945,3
5EoOewDqOOifAcWNCVC8XI,"A Sweet Rendez-vous","A Sweet Rendez-vous","塞壬唱片-MSR,宋黛霆,Obadiah Brown-Beach",2022-10-05,272000,28,21m3oeq6zgp3dips6s4flobea,2023-08-02T00:36:31Z,"","Shanghai Hypergryph Network Technology Co., Ltd.",0.646,0.544,0,-7.049,1,0.0612,0.694,0.000719,0.111,0.365,149.936,4
0rCPPIgHOJq2ZAb2vu2SAO,"Awaken","Awaken","塞壬唱片-MSR,Adam Gubman,Holly Sedillos",2022-05-01,247515,38,21m3oeq6zgp3dips6s4flobea,2023-08-02T00:32:51Z,"","Shanghai Hypergryph Network Technology Co., Ltd.",0.384,0.705,0,-6.274,1,0.0512,0.618,0,0.127,0.232,108.897,3
2GEtQPDx6iBwFYSgXrjDUN,"Bluish Light","Bluish Light","塞壬唱片-MSR,陳雪燃,Matthew Carl Earl",2022-05-03,240241,32,21m3oeq6zgp3dips6s4flobea,2023-08-02T00:38:31Z,"汉语流行音乐,华语流行音乐,古风音乐","Shanghai Hypergryph Network Technology Co., Ltd.",0.614,0.267,0,-13.496,0,0.0343,0.805,0,0.109,0.15,124.045,4
3rwIAhXgNy4Q0qBH8A7QQ0,"Before & After","Before & After","塞壬唱片-MSR,Erik Castro,David Lin,p. kruise",2023-06-28,268387,30,21m3oeq6zgp3dips6s4flobea,2023-08-02T00:33:31Z,"","Shanghai Hypergryph Network Technology Co., Ltd.",0.754,0.632,9,-7.89,0,0.0336,0.156,0.0000103,0.113,0.507,93.017,4
1pSZW1Y2luzKmYb4n97KAD,"Before Summer","Before Summer","塞壬唱片-MSR,Adam Gubman,Matilda Stray",2023-06-08,240726,31,21m3oeq6zgp3dips6s4flobea,2023-08-02T00:41:35Z,"","Shanghai Hypergryph Network Technology Co., Ltd.",0.802,0.494,2,-6.822,1,0.0382,0.454,0,0.0838,0.416,119.984,4
6nnZk9q5T1CS2Wv2Fhtj0e,"Boiling Blood","Boiling Blood","塞壬唱片-MSR,Jason Walsh,Cristina Vee",2019-12-31,208630,37,21m3oeq6zgp3dips6s4flobea,2023-08-02T00:33:43Z,"","Shanghai Hypergryph Network Technology Co., Ltd.",0.442,0.869,10,-4.989,0,0.0481,0.000184,0.185,0.275,0.435,162.977,4
4Z5ysgKRCO2S8myoXI8DnJ,"Can Not Wait For","《音律聯覺》原聲帶","塞壬唱片-MSR,Obadiah Brown-Beach,Cristina Vee",2021-06-13,251612,27,21m3oeq6zgp3dips6s4flobea,2023-08-02T00:38:57Z,"","Shanghai Hypergryph Network Technology Co., Ltd.",0.415,0.962,4,-5.152,0,0.0964,0.000533,0.000834,0.345,0.566,186.016,4
6u7mHxoPNIwirBEm4CxrnS,"Control's Wishes","孤星OST","塞壬唱片-MSR,Steven Grove",2023-05-09,192676,35,21m3oeq6zgp3dips6s4flobea,2023-08-02T00:35:42Z,"","Shanghai Hypergryph Network Technology Co., Ltd.",0.278,0.622,5,-8.931,0,0.0402,0.000894,0.498,0.106,0.0837,141.906,4
0nB54ZiaD3vhvX4zlrJQWN,"Come to Light (Arknights Soundtrack) [feat. Casey Lee Williams]","Come to Light (Arknights Soundtrack) [feat. Casey Lee Williams]","Jeff Williams,Casey Lee Williams",2020-12-25,219661,33,21m3oeq6zgp3dips6s4flobea,2023-08-02T00:45:25Z,"动漫","Pajama Bottoms Records",0.304,0.815,9,-6.012,0,0.0801,0.000934,0.00000138,0.184,0.457,78.78,4
5BX7xYjcIA2tOTFGOg045a,"Day By Day (Arknights Soundtrack)","Day By Day (Arknights Soundtrack)","Aviella",2023-01-13,143520,27,21m3oeq6zgp3dips6s4flobea,2023-08-02T00:58:35Z,"未来贝斯","TrueStep Records",0.692,0.897,2,-4.883,1,0.0397,0.0197,0.0000233,0.313,0.719,124.899,4
6PaTqrGHKsyml1xFbpSthA,"Daydaydream","Daydaydream","塞壬唱片-MSR,THE EITHER",2021-03-16,248718,26,21m3oeq6zgp3dips6s4flobea,2023-08-02T00:41:13Z,"","Shanghai Hypergryph Network Technology Co., Ltd.",0.766,0.624,3,-5.218,0,0.0307,0.0287,0.00044,0.0956,0.798,107.97,4
45narOvcPlPBla0RyAX1tg,"Dormant Craving","Dormant Craving","塞壬唱片-MSR,Erik Castro,Mindia,David Lin",2023-05-02,208163,46,21m3oeq6zgp3dips6s4flobea,2023-08-02T00:32:09Z,"","Shanghai Hypergryph Network Technology Co., Ltd.",0.637,0.819,0,-4.909,0,0.0263,0.0117,0.246,0.0711,0.672,98.001,4
6ExQ3wt9pDp0xdU7QbG49s,"End Like This (feat. RUNN) - Arknights Soundtrack","End Like This (feat. RUNN) [Arknights Soundtrack]","Steve Aoki,Yellow Claw,RUNN",2020-12-28,200000,0,21m3oeq6zgp3dips6s4flobea,2023-08-02T00:55:19Z,"电子浩室,电音,电音陷阱音乐,旋律贝斯,未来贝斯","Ultra Records",0.513,0.586,5,-6.203,0,0.0365,0.0436,0,0.0957,0.19,120.021,4
4BhO20fwNKgaHxwxeHfa0P,"Endospore","Endospore","塞壬唱片-MSR,Gareth Coker",2023-04-16,200000,25,21m3oeq6zgp3dips6s4flobea,2023-08-03T04:21:09Z,"配乐","Shanghai Hypergryph Network Technology Co., Ltd.",0.432,0.782,2,-10.262,1,0.0292,0.000292,0.903,0.104,0.332,149.979,4
7lQYdHKRDdCOXk6W7Qyirb,"Ensheath","Ensheath","塞壬唱片-MSR,Robert Wolf,Obadiah Brown-Beach",2022-09-08,231231,32,21m3oeq6zgp3dips6s4flobea,2023-08-02T00:33:29Z,"","Shanghai Hypergryph Network Technology Co., Ltd.",0.452,0.532,8,-7.298,0,0.0315,0.448,0.00000475,0.106,0.135,78.926,4
0WUh1OQNPotcdMrn1ZbEJT,"El Brillo Solitario","El Brillo Solitario","塞壬唱片-MSR,Steven Grove",2020-08-12,244591,24,21m3oeq6zgp3dips6s4flobea,2023-08-02T00:36:24Z,"","Shanghai Hypergryph Network Technology Co., Ltd.",0.657,0.709,9,-9.429,0,0.0308,0.407,0.854,0.0883,0.54,100.019,4
5dqVXsMW0N7u4XiskZAZlD,"Eternal Flame","Eternal Flame","塞壬唱片-MSR,Obadiah Brown-Beach,Forts",2022-03-15,234965,39,21m3oeq6zgp3dips6s4flobea,2023-08-02T00:32:44Z,"","Shanghai Hypergryph Network Technology Co., Ltd.",0.438,0.665,7,-7.484,0,0.0396,0.00176,0.0000121,0.0999,0.14,142.995,4
02S0c4mOjaf5lmP8k8SRPZ,"Everything's Alright","Everything's Alright","塞壬唱片-MSR,DJ Okawari,Kaori Sawada",2020-07-08,249500,40,21m3oeq6zgp3dips6s4flobea,2023-08-02T00:42:36Z,"爵士乐说唱,nu jazz","Shanghai Hypergryph Network Technology Co., Ltd.",0.772,0.571,11,-7.645,1,0.0406,0.118,0,0.0476,0.914,105.002,4
4yI4icISjSzL6ELuwsFJJ5,"Fading Sky","危機合約尋晝行動 (遊戲原聲帶)","塞壬唱片-MSR,AJURIKA",2022-02-25,249441,31,21m3oeq6zgp3dips6s4flobea,2023-08-02T00:34:30Z,"","上海鷹角網絡科技有限公司",0.32,0.998,5,-1.628,0,0.125,0.000284,0.851,0.105,0.278,177.967,4
1ba9BlPb9jhOs0UJgOO6VN,"Flame Shadow","Flame Shadow","塞壬唱片-MSR,Matthew Carl Earl,David Lin,Laura Intravia",2022-12-15,223476,32,21m3oeq6zgp3dips6s4flobea,2023-08-02T00:35:09Z,"","Shanghai Hypergryph Network Technology Co., Ltd.",0.256,0.294,4,-11.032,0,0.0319,0.923,0.00507,0.0864,0.115,121.098,3
0DqX4IbVJ7Gp4TRFsfGZ7p,"Go My Way","Go My Way","塞壬唱片-MSR,Adam Gubman,Mason Lieberman",2022-11-03,182406,27,21m3oeq6zgp3dips6s4flobea,2023-08-02T00:36:09Z,"","Shanghai Hypergryph Network Technology Co., Ltd.",0.579,0.694,5,-6.391,0,0.0321,0.0316,0.00000126,0.117,0.36,85.891,4
5iCB1vW5siNlkSF9OkHmsP,"Heal the World","Heal the World","塞壬唱片-MSR,Kevin Penkin,Sarah Àlainn",2021-12-21,275711,30,21m3oeq6zgp3dips6s4flobea,2023-08-02T00:43:06Z,"动漫,配乐","Shanghai Hypergryph Network Technology Co., Ltd.",0.512,0.718,4,-6.231,0,0.0467,0.355,0,0.0894,0.286,89.972,4
0mZEayLjTjSIqzUXjtx7Qq,"Hunter's Song","愚人號 (Original Soundtrack)","Adam Gubman",2022-05-09,108124,35,21m3oeq6zgp3dips6s4flobea,2023-08-02T00:36:38Z,"","Shanghai Hypergryph Network Technology Co., Ltd.",0.338,0.265,4,-13.857,0,0.0341,0.655,0,0.154,0.124,136.757,3
0cu5N4t6HjFo80B2lGkXBz,"I Believe In Us (Arknights Soundtrack)","I Believe In Us (Arknights Soundtrack)","Reigan",2021-10-25,209200,35,21m3oeq6zgp3dips6s4flobea,2023-08-02T00:43:00Z,"organic house","TrueStep Records",0.353,0.45,4,-9.195,0,0.0365,0.646,0,0.108,0.12,74.401,4
1xiVvJ1hp3TZp3NRFghe1U,"INFECTED","INFECTED","STARSET",2021-04-26,189746,0,21m3oeq6zgp3dips6s4flobea,2023-08-02T00:54:35Z,"","Fearless Records",0.499,0.875,2,-5.003,0,0.0518,0.0000251,0.00000454,0.0633,0.295,107.704,4
2TRPuDIapRBVmnZGOHSILj,"Immutable","Immutable","塞壬唱片-MSR,Melissa Kaplan,Robert Wolf",2021-05-02,249187,34,21m3oeq6zgp3dips6s4flobea,2023-08-02T00:35:07Z,"","Shanghai Hypergryph Network Technology Co., Ltd.",0.288,0.417,7,-12.612,1,0.0394,0.444,0.0687,0.106,0.0593,159.933,4
2fVp6HawoDDBvWSyiof7Dp,"Keep Holding On (Arknights Soundtrack)","Keep Holding On (Arknights Soundtrack)","POLINA",2022-08-02,137027,25,21m3oeq6zgp3dips6s4flobea,2023-08-02T00:58:50Z,"","TrueStep Records",0.535,0.753,10,-6.697,1,0.151,0.176,0,0.125,0.276,148.032,4
3kV7IStRHlKePyjvrQ5OIo,"Keep the Torch","Keep the Torch","塞壬唱片-MSR,Obadiah Brown-Beach,Melissa Kaplan",2021-07-02,252960,32,21m3oeq6zgp3dips6s4flobea,2023-08-02T00:35:19Z,"","Shanghai Hypergryph Network Technology Co., Ltd.",0.516,0.93,5,-5.7,1,0.0586,0.0115,0.00236,0.0915,0.194,124.97,4
0GJMYrWlMaAf3t3tqjrkr6,"Last Of Me - Arknights Soundtrack","Last Of Me (Arknights Soundtrack)","Steve Aoki,RUNN",2020-07-03,181875,0,21m3oeq6zgp3dips6s4flobea,2023-08-02T00:55:16Z,"电子浩室,电音,旋律贝斯,未来贝斯","Ultra Records",0.649,0.695,4,-4.849,0,0.0366,0.0367,0,0.271,0.0763,128.072,4
24eiAY7Rajv8U6i4EuJJ2u,"Lean On (feat. Krysta Youngs) [Arknights Soundtrack]","Lean On (feat. Krysta Youngs) [Arknights Soundtrack]","STEPYN,Krysta Youngs",2021-08-19,143750,26,21m3oeq6zgp3dips6s4flobea,2023-08-02T00:45:50Z,"","TrueStep Records",0.749,0.877,1,-5.268,0,0.28,0.047,0,0.0913,0.365,96.022,4
0Co0RwKOqCnpz8fwicPKhj,"Lullabye","Lullabye","塞壬唱片-MSR,Uyanga Bold,Obadiah Brown-Beach",2020-11-02,270666,36,21m3oeq6zgp3dips6s4flobea,2023-08-02T00:35:40Z,"","Shanghai Hypergryph Network Technology Co., Ltd.",0.544,0.523,10,-6.818,0,0.0248,0.387,0,0.0826,0.236,135.03,3
70BJ3dDTwHTVFlAxTTMGUu,"Magic Theorem","Magic Theorem","塞壬唱片-MSR,Adam Gubman,Sarah Kang",2022-07-05,242503,37,21m3oeq6zgp3dips6s4flobea,2023-08-02T00:33:21Z,"","Shanghai Hypergryph Network Technology Co., Ltd.",0.561,0.437,0,-11.839,0,0.0452,0.604,0.00226,0.117,0.244,85.522,4
6xgQB8WpfcLrHgiCB2EN63,"ManiFesto:","《音律聯覺》原聲帶","塞壬唱片-MSR,Obadiah Brown-Beach",2021-06-13,257032,35,21m3oeq6zgp3dips6s4flobea,2023-08-02T00:34:04Z,"","Shanghai Hypergryph Network Technology Co., Ltd.",0.752,0.814,1,-6.128,1,0.0688,0.0124,0.000037,0.292,0.866,155.014,4
4Rd1BQkFnyhEKmw2jAKXDS,"March On!","March On!","塞壬唱片-MSR,Laura Intravia,Steven Grove",2022-04-14,209869,32,21m3oeq6zgp3dips6s4flobea,2023-08-02T00:35:10Z,"","Shanghai Hypergryph Network Technology Co., Ltd.",0.423,0.855,8,-5.337,1,0.0991,0.101,0.0000064,0.115,0.136,131.393,4
0VIWybTDTB6eZJtyWctPFS,"Melting White","Melting White","塞壬唱片-MSR,Cubes Collective",2021-12-24,222428,28,21m3oeq6zgp3dips6s4flobea,2023-08-02T00:42:25Z,"","Shanghai Hypergryph Network Technology Co., Ltd.",0.676,0.451,7,-7.418,1,0.0654,0.525,0.000118,0.198,0.363,167.953,4
0nKXnusqzQkt5bRkqMFQLB,"Miss You","Miss You","塞壬唱片-MSR,左乙,Erik Castro,David Lin",2023-08-01,233731,36,21m3oeq6zgp3dips6s4flobea,2023-08-03T01:25:55Z,"","Shanghai Hypergryph Network Technology Co., Ltd.",0.779,0.65,4,-5.78,0,0.0389,0.348,0,0.089,0.263,133.97,4
0CUDmpsaxULXMFOcTUsft7,"Misty Memory (Acoustic Version)","火山旅夢OST","塞壬唱片-MSR,Erik Castro,Obadiah Brown-Beach,David Lin",2023-08-09,234621,31,21m3oeq6zgp3dips6s4flobea,2023-08-10T10:50:23Z,"","Shanghai Hypergryph Network Technology Co., Ltd.",0.763,0.668,3,-8.992,1,0.0295,0.854,0.894,0.199,0.722,105.004,4
4rJsBNuHHpZl8QWdPpUzz7,"Misty Memory (Day Version)","火山旅夢OST","塞壬唱片-MSR,Erik Castro,David Lin,左乙",2023-08-09,283428,43,21m3oeq6zgp3dips6s4flobea,2023-08-10T10:50:23Z,"","Shanghai Hypergryph Network Technology Co., Ltd.",0.687,0.637,0,-8.9,0,0.0379,0.0887,0,0.122,0.439,104.993,4
7vr3fbLTETpIuE4BVYbmXM,"Misty Memory (Night Version)","火山旅夢OST","塞壬唱片-MSR,Erik Castro,David Lin,左乙",2023-08-09,242086,42,21m3oeq6zgp3dips6s4flobea,2023-08-10T10:50:23Z,"","Shanghai Hypergryph Network Technology Co., Ltd.",0.725,0.77,5,-10.876,0,0.0539,0.0323,0.00597,0.122,0.622,115.01,4
0criiQKIY1hyU0lRbVhZ8L,"Monster","Vessels","STARSET",2017-01-20,256320,63,21m3oeq6zgp3dips6s4flobea,2023-08-02T00:54:28Z,"","Fearless Records",0.386,0.86,1,-6.757,0,0.0543,0.00146,0.00000232,0.0643,0.261,97.576,4
7cqZe0CeBok7x5txTwLnhf,"Morning Dew","Morning Dew","塞壬唱片-MSR,Adam Gubman,Nini Guerry",2023-05-01,200778,38,21m3oeq6zgp3dips6s4flobea,2023-08-02T00:38:33Z,"","Shanghai Hypergryph Network Technology Co., Ltd.",0.651,0.618,0,-7.189,1,0.0298,0.22,0.00012,0.104,0.479,125.016,4
7LykM78UK9Zyeu571ZaIof,"Mortal Eye","Mortal Eye","塞壬唱片-MSR,Adam Gubman,BONZIE,Christine Hals",2023-07-06,218897,36,21m3oeq6zgp3dips6s4flobea,2023-08-02T00:32:24Z,"","Shanghai Hypergryph Network Technology Co., Ltd.",0.514,0.474,5,-9.812,0,0.0306,0.391,0.000418,0.083,0.356,127.166,4
2K93b71bQC0y8wTkR7Dz9w,"Never Give Up (Arknights Soundtrack)","Never Give Up (Arknights Soundtrack)","StayLoose",2021-08-05,187428,33,21m3oeq6zgp3dips6s4flobea,2023-08-02T00:41:00Z,"","TrueStep Records",0.647,0.652,4,-5.322,1,0.0426,0.407,0.0000132,0.141,0.181,105.049,4
61DmKCuwyiSZMOo7k8C8pT,"Radiant","Radiant","塞壬唱片-MSR,Erik Castro,Mary Clare",2021-11-01,252272,45,21m3oeq6zgp3dips6s4flobea,2023-08-02T00:32:07Z,"","Shanghai Hypergryph Network Technology Co., Ltd.",0.491,0.887,3,-4.654,0,0.0845,0.000429,0.00908,0.294,0.233,176.085,4
7DRbQo3QojcKTP6DUMLVhs,"Rapier","Rapier","塞壬唱片-MSR,Robert Wolf",2022-05-02,216428,23,21m3oeq6zgp3dips6s4flobea,2023-08-02T00:36:11Z,"","Shanghai Hypergryph Network Technology Co., Ltd.",0.428,0.442,5,-10.453,0,0.0332,0.37,0.922,0.116,0.038,139.911,4
0TENYWzRLnag5C5R8x9MuV,"Rekindle","Rekindle","塞壬唱片-MSR,Uyanga Bold,Erik Castro",2022-10-12,188210,27,21m3oeq6zgp3dips6s4flobea,2023-08-02T00:34:39Z,"","Shanghai Hypergryph Network Technology Co., Ltd.",0.517,0.853,7,-6.436,0,0.0869,0.0729,0.423,0.0852,0.0652,95.061,4
00DKRzfji42Xw3WHrHr27Y,"Renegade","Renegade","塞壬唱片-MSR,Substantial,X. ARI,Jason Walsh",2020-05-01,234032,41,21m3oeq6zgp3dips6s4flobea,2023-08-02T00:32:40Z,"爵士乐说唱","Shanghai Hypergryph Network Technology Co., Ltd.",0.676,0.72,10,-6.448,0,0.117,0.0536,0,0.132,0.537,76.982,4
3SxmyxvD1eZ5SuPyA2d3yN,"Running In The Dark","curtain call","Monkey Majik",2023-01-25,221386,42,21m3oeq6zgp3dips6s4flobea,2023-08-02T00:32:42Z,"日本流行,动漫","A.S.A.B / binyl records",0.553,0.814,10,-7.017,0,0.0415,0.0106,0,0.0828,0.711,124.941,4
3D46cXfwM4id5YfQbpTvKA,"Running In The Dark - Image Song for Arknights mobile game","Running In The Dark (Image Song for Arknights mobile game)","Monkey Majik",2022-10-24,220533,34,21m3oeq6zgp3dips6s4flobea,2023-08-02T00:57:35Z,"日本流行,动漫","avex trax",0.552,0.816,10,-7.049,0,0.042,0.0114,0,0.0788,0.74,124.946,4
4SQZYJdEVU9BczY5TUiHnK,"Rock the Night Away","Rock the Night Away","塞壬唱片-MSR,Steven Grove,Lauren Hart,Cristina Vee",2020-12-24,251582,25,21m3oeq6zgp3dips6s4flobea,2023-08-02T00:45:14Z,"","Shanghai Hypergryph Network Technology Co., Ltd.",0.547,0.903,2,-5.043,1,0.0722,0.00245,0,0.405,0.384,105.034,4
3m00Dycx86yGRjUhwcbqej,"Sentenced","Sentenced","塞壬唱片-MSR,Obadiah Brown-Beach,David Lin,Allie Armstrong",2022-11-02,203333,35,21m3oeq6zgp3dips6s4flobea,2023-08-02T00:33:11Z,"","Shanghai Hypergryph Network Technology Co., Ltd.",0.586,0.395,2,-11.153,0,0.0306,0.662,0.000368,0.103,0.128,107.968,3
4y1mLgn1141O0vDkTZcjaW,"Silver Lining","Silver Lining","塞壬唱片-MSR,Adam Gubman,Abdiel Gonzales",2022-01-03,270033,23,21m3oeq6zgp3dips6s4flobea,2023-08-02T00:45:46Z,"","Shanghai Hypergryph Network Technology Co., Ltd.",0.328,0.277,7,-12.659,0,0.0329,0.822,0.000858,0.0743,0.151,105.564,3
2xPjWpFFR2mPFK2Wbi2TR2,"Snowy Night","Snowy Night","塞壬唱片-MSR,Adam Gubman,Peter Reid Jones,Riley Costello",2022-12-24,185723,17,21m3oeq6zgp3dips6s4flobea,2023-08-02T00:39:10Z,"音乐剧","Shanghai Hypergryph Network Technology Co., Ltd.",0.473,0.641,0,-8.998,1,0.0499,0.231,0.00225,0.133,0.491,189.933,4
1SkgZoq5IaxMw1hiKVbMKe,"Spark for Dream","Spark for Dream","塞壬唱片-MSR,Obadiah Brown-Beach,Cristina Vee",2022-02-15,243882,33,21m3oeq6zgp3dips6s4flobea,2023-08-02T00:34:24Z,"","Shanghai Hypergryph Network Technology Co., Ltd.",0.629,0.688,2,-5.284,0,0.0417,0.0104,0.389,0.156,0.474,170.062,4
6haTtX0717FhyNEiBETeNc,"Sparkling Hydraulics","Sparkling Hydraulics","塞壬唱片-MSR,Obadiah Brown-Beach",2020-05-03,235111,20,21m3oeq6zgp3dips6s4flobea,2023-08-02T00:56:03Z,"","Shanghai Hypergryph Network Technology Co., Ltd.",0.554,0.617,4,-11.664,0,0.0395,0.0268,0.00848,0.313,0.381,134.98,3
1yVv9F33SuNwpuHmK1tnSN,"Speed of Light","Speed of Light","塞壬唱片-MSR,DJ Okawari,Ai Ninomiya",2019-11-19,245817,45,21m3oeq6zgp3dips6s4flobea,2023-08-02T00:32:13Z,"爵士乐说唱,nu jazz","Shanghai Hypergryph Network Technology Co., Ltd.",0.739,0.744,5,-5.21,0,0.0622,0.327,0.00004,0.127,0.704,111.952,4
6KaDxcaK4crB1WGplZ9NrH,"Squad Unknown","Squad Unknown","塞壬唱片-MSR,Adam Gubman,Carmela",2023-04-06,214196,30,21m3oeq6zgp3dips6s4flobea,2023-08-02T00:37:26Z,"","Shanghai Hypergryph Network Technology Co., Ltd.",0.623,0.825,5,-6.33,1,0.0406,0.0378,0.00000125,0.203,0.641,122.021,4
3szmLHQpSBMMRvEaZqCkiB,"Save Us From Ourselves (feat. Micah Martin) [Arknights Soundtrack]","Save Us From Ourselves (feat. Micah Martin) [Arknights Soundtrack]","Bear Grillz,Micah Martin",2020-02-18,185600,0,21m3oeq6zgp3dips6s4flobea,2023-08-02T00:54:38Z,"回响贝斯,riddim,deathstep,低音音乐,旋律贝斯,电音,回响,未来贝斯,硬派音乐","Dim Mak Records",0.499,0.946,1,-2.032,1,0.0464,0.000502,0.00000306,0.0899,0.478,150,4
3uTWYswbGrfuDEV8rGagiY,"Survive (Arknights Soundtrack)","Survive (Arknights Soundtrack)","QUIX",2020-03-27,166551,0,21m3oeq6zgp3dips6s4flobea,2023-08-02T00:54:59Z,"电音陷阱音乐,未来贝斯,回响贝斯","Dim Mak Records",0.652,0.85,1,-4.989,1,0.0559,0.00207,0.0000969,0.0904,0.356,144.992,4
6acvoI2EQmQaz7pnbVU3If,"Ständchen","Ständchen","塞壬唱片-MSR,Robert Wolf,Airton Santos Araujo,David Lin",2022-06-09,252491,30,21m3oeq6zgp3dips6s4flobea,2023-08-02T00:34:06Z,"","Shanghai Hypergryph Network Technology Co., Ltd.",0.209,0.673,2,-5.325,0,0.0709,0.534,0.00000135,0.141,0.181,149.13,4
4tIpqjxBeooiUC0bbUY0FV,"Stainless Heart","Stainless Heart","塞壬唱片-MSR,Alan Day,Obadiah Brown-Beach",2022-10-11,262222,31,21m3oeq6zgp3dips6s4flobea,2023-08-02T00:34:10Z,"","Shanghai Hypergryph Network Technology Co., Ltd.",0.561,0.861,4,-6.741,0,0.0626,0.00106,0.0114,0.085,0.358,134.956,4
4vhlFYTr9Z1Tk9D7pbNdWi,"Stained","Stained","塞壬唱片-MSR,Erik Castro,David Lin,Obadiah Brown-Beach",2023-06-08,226285,28,21m3oeq6zgp3dips6s4flobea,2023-08-02T00:35:29Z,"","Shanghai Hypergryph Network Technology Co., Ltd.",0.649,0.875,3,-6.07,0,0.055,0.0212,0.578,0.0852,0.232,139.938,4
2zNGNIMASlzHebjE2buENe,"Stay Gold","Stay Gold","塞壬唱片-MSR,Adam Gubman",2020-10-21,244697,22,21m3oeq6zgp3dips6s4flobea,2023-08-02T00:44:56Z,"","Shanghai Hypergryph Network Technology Co., Ltd.",0.294,0.762,9,-8.156,0,0.0648,0.0104,0.0584,0.12,0.441,126.067,3
0sJpjGN2NxouvxrOPeS3PK,"The Cure","The Cure","塞壬唱片-MSR,Obadiah Brown-Beach,Denney",2023-05-03,195789,31,21m3oeq6zgp3dips6s4flobea,2023-08-02T00:37:08Z,"","Shanghai Hypergryph Network Technology Co., Ltd.",0.51,0.462,1,-11.46,0,0.0368,0.149,0.0262,0.101,0.0658,94.999,4
6dqOzmCsTtu3V99crMKOln,"Thorns in You","Thorns in You","塞壬唱片-MSR,Adam Gubman,Aretha Scruggs",2022-11-01,211876,31,21m3oeq6zgp3dips6s4flobea,2023-08-02T00:34:46Z,"","Shanghai Hypergryph Network Technology Co., Ltd.",0.398,0.389,0,-8.361,0,0.0372,0.151,0,0.129,0.218,114.271,3
4bIi9DwDxvJCmemLykVlJ7,"Towards Her Light","Towards Her Light","塞壬唱片-MSR,Adam Gubman,Hannah Crowley",2021-09-17,263188,31,21m3oeq6zgp3dips6s4flobea,2023-08-02T00:38:16Z,"","Shanghai Hypergryph Network Technology Co., Ltd.",0.495,0.465,2,-11.762,1,0.0375,0.458,0.00000603,0.224,0.394,107.808,4
4r3YY69IgCN3UpdjgLCP34,"Unbecoming","Vessels 2.0","STARSET",2018-09-28,250026,34,21m3oeq6zgp3dips6s4flobea,2023-08-02T00:54:31Z,"","Fearless Records",0.401,0.909,1,-6.192,0,0.0856,0.000486,0,0.32,0.11,138.064,4
436cXLiGHDQcQmBAejeBG3,"Under Tides","Under Tides","塞壬唱片-MSR,Steven Grove",2021-11-04,233994,33,21m3oeq6zgp3dips6s4flobea,2023-08-02T00:33:42Z,"","Shanghai Hypergryph Network Technology Co., Ltd.",0.509,0.751,2,-10.481,1,0.066,0.045,0.678,0.37,0.0888,120.046,3
0kCkx3AREMYFBRSOE9UWDi,"Undertopia","Undertopia","塞壬唱片-MSR,Adam Gubman,Moonlist",2022-08-12,235992,38,21m3oeq6zgp3dips6s4flobea,2023-08-02T00:32:56Z,"","Shanghai Hypergryph Network Technology Co., Ltd.",0.401,0.375,11,-9.789,0,0.0514,0.575,0,0.144,0.124,106.861,3
0AZPDmh4R98lT0XsnjX902,"Untitled world","unknown","ReoNa",2020-10-07,250080,42,21m3oeq6zgp3dips6s4flobea,2023-08-02T00:47:35Z,"动漫,日本流行,日本摇滚","Sony Music Labels Inc.",0.489,0.891,5,-4.314,1,0.0479,0.00126,0.0000126,0.091,0.574,93.04,4
5XGvJoSHGzJ1elgLZgviJK,"Untitled world","Untitled world","ReoNa",2020-07-01,247484,0,21m3oeq6zgp3dips6s4flobea,2023-08-02T00:55:23Z,"动漫,日本流行,日本摇滚","Sony Music Labels Inc.",0.493,0.886,5,-4.31,1,0.0502,0.0017,0.0000385,0.0885,0.571,93.033,4
2erQfaijn35neH1bkqt83d,"Voices","Voices","塞壬唱片-MSR,Steven Grove",2021-05-01,252328,19,21m3oeq6zgp3dips6s4flobea,2023-08-02T00:44:00Z,"","Shanghai Hypergryph Network Technology Co., Ltd.",0.37,0.446,2,-14.239,1,0.0456,0.125,0.906,0.137,0.0918,146.195,4
7zHL1OYrxUuxHxpCdHea4v,"We Will Rise (Arknights Soundtrack)","We Will Rise (Arknights Soundtrack)","LIZ",2022-10-21,172987,27,21m3oeq6zgp3dips6s4flobea,2023-08-02T00:58:15Z,"hyperpop","TrueStep Records",0.367,0.603,3,-7.998,0,0.0471,0.0434,0.0002,0.199,0.0794,154.12,4
7FT23XoGhL1vQDzBnXlr5v,"Wildfire (Arknights Soundtrack)","Wildfire (Arknights Soundtrack)","Karra",2022-05-02,177857,28,21m3oeq6zgp3dips6s4flobea,2023-08-02T00:44:44Z,"旋律贝斯","TrueStep Records",0.451,0.681,6,-6.479,0,0.0357,0.0507,0,0.0894,0.152,112.004,4
3rY85ihCsWHacdazWB2hTF,"Wrathful Cerulean Flame","明日方舟OST3","Sterling Maffe",2022-05-13,243733,31,21m3oeq6zgp3dips6s4flobea,2023-08-02T00:35:27Z,"","Shanghai Hypergryph Network Technology Co., Ltd.",0.131,0.325,5,-11.816,0,0.0463,0.887,0.0219,0.0493,0.103,73.753,3
3vSoVqNk3vvMNaki3YeuFa,"Your Star","Your Star","塞壬唱片-MSR,DJ Okawari,Stephanie",2022-06-08,249000,36,21m3oeq6zgp3dips6s4flobea,2023-08-02T00:44:10Z,"爵士乐说唱,nu jazz","Shanghai Hypergryph Network Technology Co., Ltd.",0.772,0.766,4,-6.033,1,0.0296,0.0606,0,0.0443,0.846,106.001,4
6GGOQ3F4E3wTRVdBCWvTAE,"狼之主","敘拉古人OST","塞壬唱片-MSR,Adam Gubman,Shawn W. Smith",2022-11-09,214640,40,21m3oeq6zgp3dips6s4flobea,2023-08-02T00:32:18Z,"","Shanghai Hypergryph Network Technology Co., Ltd.",0.32,0.878,2,-6.034,1,0.0421,0.000192,0.0000803,0.219,0.682,146.979,4
535SLiDBZ0TZ2mT3UbViFI,"多索雷斯假日","多索雷斯假日 (Original Soundtrack)","塞壬唱片-MSR,David Westbom",2022-07-27,125751,30,21m3oeq6zgp3dips6s4flobea,2023-08-02T00:33:03Z,"","Shanghai Hypergryph Network Technology Co., Ltd.",0.578,0.92,5,-6.077,1,0.0326,0.00165,0.342,0.0808,0.307,125.044,4
0p1bf15mL1cjXONuv9Dw7Q,"殉道之人","吾導先路OST","塞壬唱片-MSR,Erik Castro",2023-02-22,181016,35,21m3oeq6zgp3dips6s4flobea,2023-08-02T00:33:14Z,"","Shanghai Hypergryph Network Technology Co., Ltd.",0.651,0.905,4,-4.037,1,0.065,0.00951,0.873,0.136,0.194,118.033,4
40muQWsaHTvGgysj68jZm0,"象限解構者","音律聯覺 - 燈下定影原聲EP","Alan Day,塞壬唱片-MSR",2022-12-10,234000,34,21m3oeq6zgp3dips6s4flobea,2023-08-02T00:34:02Z,"","Shanghai Hypergryph Network Technology Co., Ltd.",0.604,0.913,9,-5.177,0,0.106,0.00831,0.22,0.541,0.404,120.016,4
0bwVjhfheYRtd4pjkChW8X,"逐獵","沙中之火OST","塞壬唱片-MSR,KK Zhang",2023-01-30,136111,0,21m3oeq6zgp3dips6s4flobea,2023-08-02T00:36:16Z,"","Shanghai Hypergryph Network Technology Co., Ltd.",0.715,0.555,6,-14.472,0,0.0392,0.249,0.916,0.102,0.169,107.984,4
7tI7mEhhiOJvyUTF5UKI2i,"聖城日常","吾導先路OST","塞壬唱片-MSR,Erik Castro",2023-02-22,157090,25,21m3oeq6zgp3dips6s4flobea,2023-08-02T00:37:20Z,"","Shanghai Hypergryph Network Technology Co., Ltd.",0.756,0.478,5,-7.664,1,0.077,0.0929,0.9,0.0846,0.0804,109.989,4
0QZ1TkFlIwSsLuxE9PwXnA,"隨意隨意呀","隨意隨意呀","塞壬唱片-MSR,THE EITHER",2022-02-01,205048,23,21m3oeq6zgp3dips6s4flobea,2023-08-02T00:37:52Z,"","Shanghai Hypergryph Network Technology Co., Ltd.",0.81,0.766,11,-3.809,0,0.0377,0.000894,0.000029,0.052,0.726,126.007,4
00omdIjLcXH4BJyiV6j0hU,"湧潮急奏","危機合約淵默行動OST","BaoUner",2022-05-20,245638,22,21m3oeq6zgp3dips6s4flobea,2023-08-02T00:38:04Z,"","Shanghai Hypergryph Network Technology Co., Ltd.",0.476,0.979,5,-4.983,1,0.116,0.0494,0.65,0.225,0.461,165.069,4
1n8CusN9wQB1FijJgnB43Y,"夢源之地","音律聯覺 - 燈下定影原聲EP","Jenna Lea Rosen,塞壬唱片-MSR",2022-12-10,219040,22,21m3oeq6zgp3dips6s4flobea,2023-08-02T00:39:24Z,"","Shanghai Hypergryph Network Technology Co., Ltd.",0.407,0.454,0,-9.455,1,0.0603,0.655,0.00000113,0.163,0.296,131.932,4
3ev6XUmO76xaCVEYQEJphv,"生命流","明日方舟OST1","塞壬唱片-MSR",2020-07-30,196000,30,21m3oeq6zgp3dips6s4flobea,2023-08-02T00:40:44Z,"","Shanghai Hypergryph Network Technology Co., Ltd.",0.739,0.507,2,-12.738,1,0.0298,0.216,0.848,0.172,0.121,120.007,4
79Knq2qFjBXrGoXd7dKQJW,"海願","水月與深藍之樹OST","塞壬唱片-MSR",2023-04-03,140412,33,21m3oeq6zgp3dips6s4flobea,2023-08-02T00:40:57Z,"","Shanghai Hypergryph Network Technology Co., Ltd.",0.241,0.13,11,-17.848,0,0.0316,0.967,0.264,0.0694,0.188,192.388,3
1cCTX0MbUmZyGWnx4SAeoL,"秋緒","秋緒","塞壬唱片-MSR,Etsuko Yamakawa,タイナカ彩智,Juno",2020-10-11,192915,29,21m3oeq6zgp3dips6s4flobea,2023-08-02T00:42:02Z,"城市流行音乐,专辑摇滚","Shanghai Hypergryph Network Technology Co., Ltd.",0.708,0.724,4,-6.586,0,0.0346,0.375,0,0.234,0.842,138.025,4
1UKFLRoNSqMDM6f8lacyGs,"踏沙尋影","音律聯覺 - 愚夜密函原聲EP","塞壬唱片-MSR,Obadiah Brown-Beach,David Lin,Airton Santos Araujo",2023-05-12,290543,18,21m3oeq6zgp3dips6s4flobea,2023-08-02T00:42:13Z,"","Shanghai Hypergryph Network Technology Co., Ltd.",0.48,0.863,2,-5.881,1,0.0529,0.000242,0.0702,0.362,0.159,91.983,4
5mWrIAR0TGY7RCX9mtpllo,"緝速狂飆","音律聯覺 - 愚夜密函原聲EP","塞壬唱片-MSR,Obadiah Brown-Beach,陳雪燃",2023-05-12,237857,21,21m3oeq6zgp3dips6s4flobea,2023-08-02T00:39:19Z,"汉语流行音乐,华语流行音乐,古风音乐","Shanghai Hypergryph Network Technology Co., Ltd.",0.533,0.872,6,-8.556,0,0.0465,0.00000556,0.00402,0.136,0.332,140.043,4
5iaN7kzY3dUS9Q0954f3UO,"愚夜密函","音律聯覺 - 愚夜密函原聲EP","塞壬唱片-MSR,Obadiah Brown-Beach,David Lin,Substantial,X. ARI",2023-05-12,229920,29,21m3oeq6zgp3dips6s4flobea,2023-08-02T00:40:50Z,"爵士乐说唱","Shanghai Hypergryph Network Technology Co., Ltd.",0.691,0.876,8,-6.783,1,0.0838,0.0367,0.00000147,0.215,0.639,124.979,4
07VhX7bsFFbmIctMrE3bfx,"雙龍","明日方舟OST3","Sterling Maffe",2022-05-13,250658,22,21m3oeq6zgp3dips6s4flobea,2023-08-02T00:45:04Z,"","Shanghai Hypergryph Network Technology Co., Ltd.",0.289,0.547,10,-11.613,0,0.0652,0.695,0.000747,0.144,0.431,120.146,4
1Upx0jgN8fU8DDerhHYyQe,"クリスタライズ","Starlight Museum","水瀨祈",2020-12-02,269422,33,21m3oeq6zgp3dips6s4flobea,2023-08-02T00:46:12Z,"动漫,日本流行","KINGRECORDS",0.377,0.787,9,-5.611,1,0.0692,0.000511,0.0148,0.288,0.596,144.009,4
25jYFwJDfAYJt3khFVQIbI,"走過漫漫時空","遺塵漫步OST","塞壬唱片-MSR,Robert Wolf",2023-04-30,130220,27,21m3oeq6zgp3dips6s4flobea,2023-08-02T00:47:26Z,"","Shanghai Hypergryph Network Technology Co., Ltd.",0.0855,0.25,11,-12.44,0,0.0344,0.0322,0.844,0.0883,0.102,84.622,4
6zteUD44VFqJ2Q2qSj411v,"愚人曲","愚人號 (Original Soundtrack)","Steven Grove",2022-05-09,201551,37,21m3oeq6zgp3dips6s4flobea,2023-08-02T00:32:50Z,"","Shanghai Hypergryph Network Technology Co., Ltd.",0.44,0.84,1,-9.578,1,0.0529,0.0000384,0.769,0.384,0.115,139.975,4
1mQZSOIaodaVP5fGavDdia,"Прощание","Прощание","塞壬唱片-MSR,Adam Gubman,George Sanger,James Hayden",2022-02-22,215472,20,21m3oeq6zgp3dips6s4flobea,2023-08-02T00:58:01Z,"","Shanghai Hypergryph Network Technology Co., Ltd.",0.3,0.305,9,-10.907,0,0.0336,0.756,0.3,0.1,0.262,113.888,4
3ve3WjbDSRv1AVHvIF4uaf,"春嵐","春嵐","塞壬唱片-MSR,Obadiah Brown-Beach,Matthew Carl Earl",2023-02-14,232928,16,21m3oeq6zgp3dips6s4flobea,2023-08-09T09:48:34Z,"","Shanghai Hypergryph Network Technology Co., Ltd.",0.515,0.486,4,-12.876,0,0.0331,0.144,0.846,0.145,0.232,139.914,4
1DlGVOYQHPCcQUqdbVxfAf,"Sheepnado Decimates Nomadic City","火山旅夢OST","塞壬唱片-MSR,Obadiah Brown-Beach",2023-08-09,138157,28,21m3oeq6zgp3dips6s4flobea,2023-08-10T10:50:23Z,"","Shanghai Hypergryph Network Technology Co., Ltd.",0.523,0.843,7,-7.885,0,0.0381,0.000264,0.938,0.0964,0.536,112.936,4
4NbkLYLA1A2IXqJJ8PLYVs,"Revealing (Instrumental Version)","Revealing","塞壬唱片-MSR,Sterling Maffe,Erik Castro",2023-11-01,208285,9,21m3oeq6zgp3dips6s4flobea,2023-11-07T05:37:03Z,"","Shanghai Hypergryph Network Technology Co., Ltd.",0.514,0.574,7,-10.144,0,0.0385,0.23,0.871,0.108,0.113,140.077,3
4SXR7KBQmyEx23vOB0Ptgh,"Revealing","Revealing","塞壬唱片-MSR,Sterling Maffe,Erik Castro,David Lin,宋黛霆",2023-11-01,208285,37,21m3oeq6zgp3dips6s4flobea,2023-11-07T05:37:07Z,"","Shanghai Hypergryph Network Technology Co., Ltd.",0.356,0.585,7,-6.937,0,0.0645,0.499,0.0000301,0.102,0.123,139.988,3
4rm7iGilaohmkxbSbwdccW,"Der Hexenkönig","崔林特爾梅之金OST","塞壬唱片-MSR,Lappy",2023-11-09,192876,37,21m3oeq6zgp3dips6s4flobea,2023-11-09T04:22:10Z,"","Shanghai Hypergryph Network Technology Co., Ltd.",0.439,0.731,8,-12.067,1,0.0376,0.000207,0.92,0.342,0.193,85.039,4
7tIUgunMSx3RULjL84ngec,"Requiem","Requiem","塞壬唱片-MSR,Obadiah Brown-Beach,Serge Liberovsky",2020-05-02,260000,31,21m3oeq6zgp3dips6s4flobea,2023-11-09T04:23:12Z,"","Shanghai Hypergryph Network Technology Co., Ltd.",0.496,0.255,9,-12.284,0,0.0269,0.853,0.00106,0.095,0.32,77.996,3
6zogato6RTdeiSZnLOZl2I,"Fleeting Wish","Fleeting Wish","フロストノヴァ(CV:高垣彩陽)",2023-11-25,297266,25,21m3oeq6zgp3dips6s4flobea,2023-12-27T13:23:11Z,"","Legendoor Inc.",0.16,0.403,4,-9.616,0,0.0362,0.4,0.00126,0.118,0.0799,170.153,4
4h5HyT0hzQ14TiNeBsnGBH,"Field in the Light","Field in the Light","塞壬唱片-MSR,Obadiah Brown-Beach",2021-11-02,248427,21,21m3oeq6zgp3dips6s4flobea,2024-05-04T13:32:10Z,"","Shanghai Hypergryph Network Technology Co., Ltd.",0.421,0.956,2,-8.221,1,0.0522,0.000232,0.821,0.141,0.265,173.283,4
7hSHSbWU8XME80Kh5IpbUi,"Real Me","Real Me","塞壬唱片-MSR,Obadiah Brown-Beach",2021-06-01,272437,22,21m3oeq6zgp3dips6s4flobea,2024-05-04T13:32:11Z,"","Shanghai Hypergryph Network Technology Co., Ltd.",0.371,0.952,4,-7.461,0,0.0484,0.000438,0.764,0.0966,0.364,160.026,4
74W5hk3S7Hc2KM5U5ZgYYO,"Merciful Broken Sun","慈悲燈塔OST","塞壬唱片-MSR,Adam Gubman,Rachael Gillespie",2024-05-02,132028,41,21m3oeq6zgp3dips6s4flobea,2024-05-04T13:32:42Z,"","Shanghai Hypergryph Network Technology Co., Ltd.",0.228,0.515,5,-10.549,0,0.0305,0.236,0.0503,0.11,0.146,148.948,4
4HL9Z7qXW0m6qWSKHBYtFw,"In Originium Covered Fields","慈悲燈塔OST","塞壬唱片-MSR,Lappy",2024-05-02,122624,28,21m3oeq6zgp3dips6s4flobea,2024-05-04T13:32:42Z,"","Shanghai Hypergryph Network Technology Co., Ltd.",0.502,0.838,5,-10.321,0,0.0713,0.0194,0.802,0.295,0.191,119.887,4
3nWxyKAnwJniZbDccC0S44,"Here Come the Exiles","慈悲燈塔OST","塞壬唱片-MSR,BaoUner",2024-05-02,126760,26,21m3oeq6zgp3dips6s4flobea,2024-05-04T13:32:42Z,"","Shanghai Hypergryph Network Technology Co., Ltd.",0.448,0.792,5,-10.154,1,0.047,0.235,0.94,0.12,0.259,141.861,4
6byIXesj2IhpMeXAURcUW4,"Transcending Brilliance of Gold","慈悲燈塔OST","塞壬唱片-MSR,Giovanni Rios",2024-05-02,99872,21,21m3oeq6zgp3dips6s4flobea,2024-05-04T13:32:42Z,"梅伦格,基督教","Shanghai Hypergryph Network Technology Co., Ltd.",0.431,0.811,5,-10.365,0,0.0463,0.00141,0.963,0.173,0.386,114.01,4
0dKzW0q7IpL5epNTs3ByTt,"Cries of the Cinderbringer","慈悲燈塔OST","塞壬唱片-MSR,北村友香",2024-05-02,169250,23,21m3oeq6zgp3dips6s4flobea,2024-05-04T13:32:42Z,"","Shanghai Hypergryph Network Technology Co., Ltd.",0.389,0.64,2,-10.678,1,0.0413,0.81,0.883,0.101,0.0766,160.084,3
2jLbtUyrCAuEgS5amCXHEM,"Antiphon of Agonies Old","慈悲燈塔OST","塞壬唱片-MSR,Obadiah Brown-Beach",2024-05-02,125023,23,21m3oeq6zgp3dips6s4flobea,2024-05-04T13:32:42Z,"","Shanghai Hypergryph Network Technology Co., Ltd.",0.272,0.725,9,-8.729,1,0.0497,0.000538,0.923,0.185,0.137,90.036,4
5467j4Cx1JBNObo7o6MeEs,"RATIO ULTIMA","慈悲燈塔OST","塞壬唱片-MSR,北村友香",2024-05-02,200059,31,21m3oeq6zgp3dips6s4flobea,2024-05-04T13:32:42Z,"","Shanghai Hypergryph Network Technology Co., Ltd.",0.24,0.765,7,-9.101,0,0.0581,0.49,0.844,0.315,0.224,144.768,4
4teX6VNXQUCsZEVSnifKQp,"Succession","慈悲燈塔OST","塞壬唱片-MSR,北村友香",2024-05-02,195475,30,21m3oeq6zgp3dips6s4flobea,2024-05-04T13:32:42Z,"","Shanghai Hypergryph Network Technology Co., Ltd.",0.0653,0.495,5,-11.236,0,0.0421,0.834,0.942,0.108,0.144,66.846,3
7aAXQbT3cOCxHQEIQWte9V,"Broken Sun","慈悲燈塔OST","塞壬唱片-MSR,Adam Gubman,Rachael Gillespie",2024-05-02,104157,39,21m3oeq6zgp3dips6s4flobea,2024-05-04T13:32:42Z,"","Shanghai Hypergryph Network Technology Co., Ltd.",0.38,0.535,1,-11.663,1,0.0337,0.00813,0.00405,0.202,0.22,148.91,3
4srp7ahkQtWE0x6mMDSHKa,"ONE BY ONE","ONE BY ONE","塞壬唱片-MSR,Adam Gubman,Roo Savill",2024-04-11,225000,30,21m3oeq6zgp3dips6s4flobea,2024-05-04T13:33:09Z,"","Shanghai Hypergryph Network Technology Co., Ltd.",0.34,0.475,7,-11.981,1,0.0488,0.038,0.00000115,0.29,0.128,169.851,4
1rZ4nyv03naou5dVeT7HeW,"Battleplan Underdawn","危機合約潮曦作戰OST","塞壬唱片-MSR,David Lin,Erik Castro,Moana A",2024-04-09,243200,37,21m3oeq6zgp3dips6s4flobea,2024-05-04T13:33:16Z,"","Shanghai Hypergryph Network Technology Co., Ltd.",0.518,0.761,3,-6.234,0,0.0383,0.00242,0.0145,0.158,0.201,149.987,4
4Jn7vxymfReld4QVZ4QTIG,"Storyteller","巴別塔OST","塞壬唱片-MSR,吳瀟Mia",2024-04-26,117321,43,21m3oeq6zgp3dips6s4flobea,2024-05-04T13:33:26Z,"","Shanghai Hypergryph Network Technology Co., Ltd.",0.622,0.156,9,-24.096,0,0.0339,0.969,0.807,0.0734,0.0598,111.968,3
0JWKy4AECiXfYzm3U9Rars,"Fire's Embrace","巴別塔OST","塞壬唱片-MSR,Alex Roe",2024-04-26,229500,27,21m3oeq6zgp3dips6s4flobea,2024-05-04T13:33:26Z,"","Shanghai Hypergryph Network Technology Co., Ltd.",0.187,0.482,5,-10.977,0,0.0415,0.0299,0.905,0.584,0.147,119.644,5
4uYp7yVO1hF9CXg6LDSpKu,"The Opening","巴別塔OST","塞壬唱片-MSR",2024-04-26,122769,34,21m3oeq6zgp3dips6s4flobea,2024-05-04T13:33:26Z,"","Shanghai Hypergryph Network Technology Co., Ltd.",0.453,0.812,5,-7.109,0,0.0377,0.00277,0.902,0.207,0.0805,130.015,4
1iWdOZoPCqYHuuOJD0PNsu,"Founding Stone","巴別塔OST","塞壬唱片-MSR,Sara Barone",2024-04-26,102545,26,21m3oeq6zgp3dips6s4flobea,2024-05-04T13:33:26Z,"","Shanghai Hypergryph Network Technology Co., Ltd.",0.378,0.487,4,-17.283,0,0.0427,0.281,0.921,0.103,0.0344,110.156,4
0PrtHj4xnefgHKjloBzf26,"Silent Tales","巴別塔OST","塞壬唱片-MSR,Sara Barone",2024-04-26,83200,31,21m3oeq6zgp3dips6s4flobea,2024-05-04T13:33:26Z,"","Shanghai Hypergryph Network Technology Co., Ltd.",0.208,0.0467,0,-24.822,0,0.0387,0.954,0.859,0.0932,0.141,70.992,1
3UhNeRObinbV3mtqPddGux,"Battleplan Pyrolysis","危機合約濁燃作戰OST","塞壬唱片-MSR,Thai McGrath",2023-11-22,217062,39,21m3oeq6zgp3dips6s4flobea,2024-05-05T16:08:41Z,"","Shanghai Hypergryph Network Technology Co., Ltd.",0.485,0.802,0,-10.975,1,0.0522,0.0102,0,0.0599,0.514,160.041,4
2YSkmWqwxvw79XNsZRPyBR,"Illuminate","Illuminate","塞壬唱片-MSR,Adam Gubman,Moana Avvenenti,Julie Elven",2023-11-03,216000,28,21m3oeq6zgp3dips6s4flobea,2024-05-05T16:08:57Z,"配乐","Shanghai Hypergryph Network Technology Co., Ltd.",0.504,0.44,4,-13.587,0,0.0808,0.336,0.01,0.161,0.282,134.877,4
0jR52rpguHacovu0Jftlp7,"Lessing","Lessing","塞壬唱片-MSR,Diels-Alder",2023-11-04,277951,28,21m3oeq6zgp3dips6s4flobea,2024-05-05T16:09:10Z,"中国独立音乐,中西部情绪音乐,数学摇滚","Shanghai Hypergryph Network Technology Co., Ltd.",0.502,0.672,4,-5.924,1,0.0313,0.00115,0.000171,0.0846,0.0988,139.909,4
1snWcwhPzPIgiI6IrQiqMu,"Arsonist","Arsonist","塞壬唱片-MSR,David Lin,X. ARI,Substantial",2024-05-01,240890,44,21m3oeq6zgp3dips6s4flobea,2024-05-31T18:50:28Z,"爵士乐说唱","Shanghai Hypergryph Network Technology Co., Ltd.",0.601,0.902,10,-4.139,0,0.118,0.023,0.00000117,0.117,0.357,153.982,4
3smDCxS6ukPhg4Yjwg4DIz,"Whistle Stop","Whistle Stop","塞壬唱片-MSR,Adam Gubman,Piper Gubman,Emmanuel Ventura-Cruess",2024-05-02,217644,31,21m3oeq6zgp3dips6s4flobea,2024-05-31T18:50:38Z,"","Shanghai Hypergryph Network Technology Co., Ltd.",0.549,0.414,9,-11.225,0,0.0261,0.28,0.00000346,0.0973,0.104,149.09,5
6uAeII2AOjaiXGecjY3LYN,"Echoism","Echoism","塞壬唱片-MSR,Adam Gubman,Casey Lee Williams",2024-05-03,219699,39,21m3oeq6zgp3dips6s4flobea,2024-05-31T18:50:44Z,"","Shanghai Hypergryph Network Technology Co., Ltd.",0.434,0.382,4,-9.016,0,0.0321,0.65,0.0000178,0.107,0.166,117.189,4
7iBM2H9jUKxSfWLtZLaLl9,"I Will Touch the Sky","I Will Touch the Sky","塞壬唱片-MSR,Edine,Eric",2024-05-24,317706,33,21m3oeq6zgp3dips6s4flobea,2024-05-31T18:50:51Z,"","Shanghai Hypergryph Network Technology Co., Ltd.",0.447,0.703,5,-9.769,0,0.0563,0.0783,0.684,0.383,0.175,89.999,4
0dzxPbN0ntBlh6EEzrO2qL,"Chase the Light","Chase the Light","塞壬唱片-MSR,Erik Castro,David Lin,宋黛霆",2024-06-09,235862,24,21m3oeq6zgp3dips6s4flobea,2024-07-06T08:24:23Z,"","Shanghai Hypergryph Network Technology Co., Ltd.",0.757,0.773,7,-6.458,1,0.0294,0.0194,0.00553,0.12,0.672,115.999,4
2opol3tGC8AeYVw7glQhNn,"Vows of the Sea","Vows of the Sea","塞壬唱片-MSR,Robert Wolf,David Lin,Colm R. McGuinness",2024-06-05,217146,34,21m3oeq6zgp3dips6s4flobea,2024-07-06T08:24:28Z,"海员号子,海盗金属乐,凯尔特音乐","Shanghai Hypergryph Network Technology Co., Ltd.",0.559,0.386,5,-12.971,0,0.0523,0.585,0.0000949,0.105,0.195,139.993,4
3PZ9IBU8Kke2QMniU8ujan,"浸春蕪","浸春蕪","塞壬唱片-MSR,宋柏,十音,解偉苓",2024-02-01,223384,35,21m3oeq6zgp3dips6s4flobea,2024-08-02T06:09:57Z,"台湾流行音乐,华语流行音乐,汉语流行音乐","Shanghai Hypergryph Network Technology Co., Ltd.",0.567,0.655,6,-6.456,0,0.0321,0.0806,0.0000195,0.102,0.184,130.005,4
1ns6bHkw1pzmsJREr0Z7ic,"(Believed Believes) Believing","(Believed Believes) Believing","塞壬唱片-MSR,David Lin,Erik Castro,Sophie Gold",2023-12-28,207692,34,21m3oeq6zgp3dips6s4flobea,2024-08-02T06:10:10Z,"","Shanghai Hypergryph Network Technology Co., Ltd.",0.676,0.729,9,-7.943,0,0.0245,0.258,0.00132,0.204,0.452,104.008,4
0TYtvQX2i1J0UxEcoMe3h7,"Warm and Small Light","Warm and Small Light","塞壬唱片-MSR,Kento Nagatsuka,金子麻友美",2024-07-09,214000,30,21m3oeq6zgp3dips6s4flobea,2024-08-02T06:10:20Z,"","Shanghai Hypergryph Network Technology Co., Ltd.",0.585,0.548,7,-14.043,1,0.0297,0.504,0.0000499,0.235,0.837,100.02,4
5bur7KlvtwuQCgU1KIi3gn,"Winged Step","Winged Step","塞壬唱片-MSR,Ivoris",2024-01-09,162128,33,21m3oeq6zgp3dips6s4flobea,2024-08-03T08:22:31Z,"","Shanghai Hypergryph Network Technology Co., Ltd.",0.62,0.492,1,-8.352,1,0.0286,0.868,0.00000775,0.149,0.665,122.965,4
5be7RkDT680JveueI6isvh,"Settle into Ash","Settle into Ash","塞壬唱片-MSR,Adam Gubman,Telle Smith,Sage X Price",2023-10-08,283349,38,21m3oeq6zgp3dips6s4flobea,2024-08-11T12:32:41Z,"","Shanghai Hypergryph Network Technology Co., Ltd.",0.554,0.629,7,-7.951,0,0.04,0.232,0,0.293,0.294,93.956,4
0aVerjZMv4pQpYloPW1j8i,"Water Quench","Water Quench","塞壬唱片-MSR,Erik Castro,David Lin,Cristina Vee",2023-09-05,194285,29,21m3oeq6zgp3dips6s4flobea,2024-08-11T12:32:44Z,"","Shanghai Hypergryph Network Technology Co., Ltd.",0.693,0.746,6,-6.776,1,0.0707,0.199,0.0038,0.0854,0.31,126.081,4
2aCF39TX3M7zfhqSHsigvq,"Beautiful & Lovely","Beautiful & Lovely","塞壬唱片-MSR,Erik Castro,David Lin,Sophie Gold",2023-08-22,200314,30,21m3oeq6zgp3dips6s4flobea,2024-08-11T12:32:48Z,"","Shanghai Hypergryph Network Technology Co., Ltd.",0.801,0.796,5,-4.838,1,0.048,0.0601,0.00000106,0.192,0.51,126.999,4
2Fgcfq15OlzhFObLG1tXGh,"Nightmare's Descent","Nightmare's Descent","塞壬唱片-MSR,Cody Matthew Johnson,Jason Walsh,Dana Zulpykhar",2024-08-02,212007,33,21m3oeq6zgp3dips6s4flobea,2024-08-11T12:33:48Z,"","Shanghai Hypergryph Network Technology Co., Ltd.",0.641,0.888,1,-5.742,1,0.0355,0.00832,0.000215,0.173,0.123,119.98,4
0xQRPR7ZSVZvNWvRmhcWMr,"Mystic Light Quest","Mystic Light Quest","塞壬唱片-MSR,KOTONOHOUSE,RANASOL,Machico",2024-08-01,207000,44,21m3oeq6zgp3dips6s4flobea,2024-08-11T12:33:59Z,"未来贝斯,动漫","Shanghai Hypergryph Network Technology Co., Ltd.",0.665,0.945,1,-4.265,0,0.0909,0.0401,0.0392,0.13,0.611,160.02,4
6AEsGivuUuNAGsXbcUtDKa,"Hold onto the Light","Hold onto the Light","塞壬唱片-MSR",2021-04-25,187200,23,21m3oeq6zgp3dips6s4flobea,2025-01-06T01:19:21Z,"","Shanghai Hypergryph Network Technology Co., Ltd.",0.755,0.847,5,-6.066,0,0.0391,0.0699,0.000034,0.0688,0.771,100.012,4
6hsY9zuUEgP64yntu1iCL5,"Blade Catcher","Blade Catcher","塞壬唱片-MSR,Adam Gubman,Moonlist",2023-12-05,204133,36,21m3oeq6zgp3dips6s4flobea,2025-01-06T01:19:25Z,"","Shanghai Hypergryph Network Technology Co., Ltd.",0.412,0.671,1,-9.103,1,0.105,0.0846,0,0.119,0.432,168.249,4
2c3shui9CaCrr7vEHGBXcI,"Tranquil Snow","Tranquil Snow","塞壬唱片-MSR,Aurora Maria Grazie Bellanova",2024-12-24,214153,25,21m3oeq6zgp3dips6s4flobea,2025-01-15T18:36:19Z,"","Shanghai Hypergryph Network Technology Co., Ltd.",0.199,0.706,7,-8.655,1,0.054,0.000607,0.755,0.326,0.0463,129.886,4
7e1Y4fFn8h36UTLkRQ2KMr,"Reforge","Reforge","塞壬唱片-MSR,Ava King",2024-10-09,252000,31,21m3oeq6zgp3dips6s4flobea,2025-02-07T05:31:18Z,"","Shanghai Hypergryph Network Technology Co., Ltd.",0.305,0.775,0,-7.394,0,0.0635,0.00775,0.000371,0.0911,0.136,179.984,3
6LBYGMVdD8DLEM0OEAOUdf,"Unmask","Unmask","塞壬唱片-MSR,Sarah Pinzon",2024-11-01,245161,37,21m3oeq6zgp3dips6s4flobea,2025-02-07T05:31:31Z,"","Shanghai Hypergryph Network Technology Co., Ltd.",0.399,0.685,5,-7.614,0,0.105,0.0499,0,0.165,0.693,95.742,3
1NCWGzrOleVxbQaUYupnER,"Bloodstained Oath","Bloodstained Oath","塞壬唱片-MSR",2024-11-02,202909,28,21m3oeq6zgp3dips6s4flobea,2025-02-07T05:31:40Z,"","Shanghai Hypergryph Network Technology Co., Ltd.",0.548,0.528,0,-12.182,0,0.0313,0.724,0.848,0.401,0.173,109.992,3
7Cfb84xQdxbzVI4RyKR5Z0,"Figure It Out","Figure It Out","塞壬唱片-MSR,Edine",2024-11-03,263898,27,21m3oeq6zgp3dips6s4flobea,2025-02-07T05:31:47Z,"","Shanghai Hypergryph Network Technology Co., Ltd.",0.562,0.882,9,-10.459,0,0.034,0.371,0.586,0.551,0.602,118.03,4
43783UaPFo8Jp7eAOsu5rw,"Ambiguous Morality","揭幕者們OST","塞壬唱片-MSR,Anna Carmela",2024-11-16,235244,40,21m3oeq6zgp3dips6s4flobea,2025-02-07T05:32:05Z,"","Shanghai Hypergryph Network Technology Co., Ltd.",0.549,0.566,8,-9.159,1,0.0511,0.00716,0.00000796,0.277,0.261,132.936,4
0gvMC70QC0EJ80bLUqHVyN,"Sailing For","Sailing For","塞壬唱片-MSR,Erick Pena,Antonio Lizano",2024-12-05,252086,26,21m3oeq6zgp3dips6s4flobea,2025-02-07T05:32:22Z,"","Shanghai Hypergryph Network Technology Co., Ltd.",0.524,0.761,2,-8.27,0,0.0493,0.00498,0,0.203,0.448,99.901,4
6ZEEPeVOoOnnU28GWoIuIL,"WE","WE","塞壬唱片-MSR,Cody Matthew Johnson,Joe Ford",2024-12-22,256394,28,21m3oeq6zgp3dips6s4flobea,2025-02-07T05:32:28Z,"鼓打贝斯,drumstep","Shanghai Hypergryph Network Technology Co., Ltd.",0.247,0.748,1,-7.628,0,0.0679,0.00903,0.812,0.096,0.0467,165,4
4KBNmwU6E4t3DaRvHSTHYB,"Battleplan Extinguished Sins","危機合約淨罪作戰OST","塞壬唱片-MSR,Nocturne & Heretic,FROOT JOOCE",2025-02-06,236689,46,21m3oeq6zgp3dips6s4flobea,2025-02-13T20:07:43Z,"","Shanghai Hypergryph Network Technology Co., Ltd.",0.486,0.943,1,-4.91,0,0.0579,0.0000297,0.00173,0.277,0.535,145.033,4
4BZorFKndYA0LAo8Bfsx6H,"Final Embrace","Final Embrace","塞壬唱片-MSR,Robert Wolf,Laura Intravia",2025-03-07,221928,38,21m3oeq6zgp3dips6s4flobea,2025-03-25T12:59:40Z,"","Shanghai Hypergryph Network Technology Co., Ltd.",0.209,0.577,7,-8.942,0,0.0502,0.665,0.000246,0.107,0.147,138.094,3
1qX4K216MysAS8F3vU8E1U,"See You Soon (《我們明日見》OST)","See You Soon (《我們明日見》OST)","塞壬唱片-MSR,柳川和樹",2025-02-15,158550,36,21m3oeq6zgp3dips6s4flobea,2025-03-25T12:59:50Z,"","Shanghai Hypergryph Network Technology Co., Ltd.",0.441,0.487,8,-10.653,0,0.0264,0.0361,0.209,0.212,0.369,99.982,4
5VgTwnH4iXEwj55YNnhINO,"Epilogue","Epilogue","塞壬唱片-MSR,SHIKI",2025-02-14,200100,34,21m3oeq6zgp3dips6s4flobea,2025-03-25T13:00:06Z,"","Shanghai Hypergryph Network Technology Co., Ltd.",0.164,0.298,4,-14.678,0,0.0409,0.853,0.145,0.351,0.0378,150.054,3
